{
	"demuxers":	[{
			"id":	139637976793088,
			"settings":	{
				"tag":	"",
				"input_url":	"udp://127.0.0.1:4002",
				"flag_clear_logs":	false,
				"flag_purge_disassociated_processors":	false
			},
			"program_processors":	[{
					"id":	5150,
					"settings":	{
						"output_url":	"udp://127.0.0.1:8000",
						"brctrl_type_selector":	[{
								"name":	"None",
								"value":	0
							}, {
								"name":	"CBR",
								"value":	1
							}, {
								"name":	"Constrained VBR (CVBR)- Max. bitrate",
								"value":	2
							}],
						"selected_brctrl_type_value":	0,
						"cbr":	0,
						"flag_clear_input_bitrate_peak":	false,
						"flag_purge_disassociated_processors":	false,
						"pmt_octet_stream":	"AoA6BQELAAAIPgAAAgg+AAAECD8AAAQIQAAAgQhBAACBCEIAAAYIQwAAgghFAACLCEYAAIkbWgAAOhtBxw==",
						"max_ts_pcr_guard_msec":	300,
						"min_stc_delay_output_msec":	600
					},
					"es_processors":	[{
							"links":	[{
									"rel":	"self",
									"href":	"/demuxers/139637976793088/program_processors/5150/es_processors/2114.json"
								}],
							"id":	2114,
							"input_bitrate":	0,
							"output_bitrate":	0,
							"input_buf_level":	0,
							"output_buf_level":	0,
							"forced_stream_type":	"disabled",
							"settings":	{
								"extension_type":	"pes_bypass",
								"flag_enable_interl_output":	true,
								"flag_restamp":	false,
								"time_shift_offset_msec":	0,
								"ts_pcr_guard_msec":	100,
								"flag_clear_ts_registers":	false
							},
							"time_stamp_stats":	{
								"input":	{
									"label":	"Input",
									"data":	["null", "null", "null", "null", "null", "null", "null", "null", "null", "null", "null", "null", "null", "null", "null", "null", "null", "null", "null", "null", "null", "null", "null", "null", "null", "null", "null", "null", "null", "null"]
								},
								"output":	{
									"label":	"Output",
									"data":	["null", "null", "null", "null", "null", "null", "null", "null", "null", "null", "null", "null", "null", "null", "null", "null", "null", "null", "null", "null", "null", "null", "null", "null", "null", "null", "null", "null", "null", "null"]
								}
							}
						}, {
							"links":	[{
									"rel":	"self",
									"href":	"/demuxers/139637976793088/program_processors/5150/es_processors/2113.json"
								}],
							"id":	2113,
							"input_bitrate":	0,
							"output_bitrate":	0,
							"input_buf_level":	0,
							"output_buf_level":	0,
							"forced_stream_type":	"disabled",
							"settings":	{
								"extension_type":	"pes_bypass",
								"flag_enable_interl_output":	true,
								"flag_restamp":	false,
								"time_shift_offset_msec":	0,
								"ts_pcr_guard_msec":	100,
								"flag_clear_ts_registers":	false
							},
							"time_stamp_stats":	{
								"input":	{
									"label":	"Input",
									"data":	["null", "null", "null", "null", "null", "null", "null", "null", "null", "null", "null", "null", "null", "null", "null", "null", "null", "null", "null", "null", "null", "null", "null", "null", "null", "null", "null", "null", "null", "null"]
								},
								"output":	{
									"label":	"Output",
									"data":	["null", "null", "null", "null", "null", "null", "null", "null", "null", "null", "null", "null", "null", "null", "null", "null", "null", "null", "null", "null", "null", "null", "null", "null", "null", "null", "null", "null", "null", "null"]
								}
							}
						}, {
							"links":	[{
									"rel":	"self",
									"href":	"/demuxers/139637976793088/program_processors/5150/es_processors/2112.json"
								}],
							"id":	2112,
							"input_bitrate":	0,
							"output_bitrate":	0,
							"input_buf_level":	0,
							"output_buf_level":	0,
							"forced_stream_type":	"disabled",
							"settings":	{
								"extension_type":	"pes_bypass",
								"flag_enable_interl_output":	true,
								"flag_restamp":	false,
								"time_shift_offset_msec":	0,
								"ts_pcr_guard_msec":	100,
								"flag_clear_ts_registers":	false
							},
							"time_stamp_stats":	{
								"input":	{
									"label":	"Input",
									"data":	["null", "null", "null", "null", "null", "null", "null", "null", "null", "null", "null", "null", "null", "null", "null", "null", "null", "null", "null", "null", "null", "null", "null", "null", "null", "null", "null", "null", "null", "null"]
								},
								"output":	{
									"label":	"Output",
									"data":	["null", "null", "null", "null", "null", "null", "null", "null", "null", "null", "null", "null", "null", "null", "null", "null", "null", "null", "null", "null", "null", "null", "null", "null", "null", "null", "null", "null", "null", "null"]
								}
							}
						}, {
							"links":	[{
									"rel":	"self",
									"href":	"/demuxers/139637976793088/program_processors/5150/es_processors/2111.json"
								}],
							"id":	2111,
							"input_bitrate":	0,
							"output_bitrate":	0,
							"input_buf_level":	0,
							"output_buf_level":	0,
							"forced_stream_type":	"disabled",
							"settings":	{
								"extension_type":	"pes_bypass",
								"flag_enable_interl_output":	true,
								"flag_restamp":	false,
								"time_shift_offset_msec":	0,
								"ts_pcr_guard_msec":	100,
								"flag_clear_ts_registers":	false
							},
							"time_stamp_stats":	{
								"input":	{
									"label":	"Input",
									"data":	["null", "null", "null", "null", "null", "null", "null", "null", "null", "null", "null", "null", "null", "null", "null", "null", "null", "null", "null", "null", "null", "null", "null", "null", "null", "null", "null", "null", "null", "null"]
								},
								"output":	{
									"label":	"Output",
									"data":	["null", "null", "null", "null", "null", "null", "null", "null", "null", "null", "null", "null", "null", "null", "null", "null", "null", "null", "null", "null", "null", "null", "null", "null", "null", "null", "null", "null", "null", "null"]
								}
							}
						}, {
							"links":	[{
									"rel":	"self",
									"href":	"/demuxers/139637976793088/program_processors/5150/es_processors/7002.json"
								}],
							"id":	7002,
							"input_bitrate":	0,
							"output_bitrate":	0,
							"input_buf_level":	0,
							"output_buf_level":	0,
							"forced_stream_type":	"disabled",
							"settings":	{
								"extension_type":	"es_bypass",
								"flag_enable_interl_output":	true,
								"flag_restamp":	false,
								"time_shift_offset_msec":	0,
								"ts_pcr_guard_msec":	300,
								"flag_clear_ts_registers":	false
							},
							"time_stamp_stats":	{
								"input":	{
									"label":	"Input",
									"data":	["null", "null", "null", "null", "null", "null", "null", "null", "null", "null", "null", "null", "null", "null", "null", "null", "null", "null", "null", "null", "null", "null", "null", "null", "null", "null", "null", "null", "null", "null"]
								},
								"output":	{
									"label":	"Output",
									"data":	["null", "null", "null", "null", "null", "null", "null", "null", "null", "null", "null", "null", "null", "null", "null", "null", "null", "null", "null", "null", "null", "null", "null", "null", "null", "null", "null", "null", "null", "null"]
								}
							}
						}, {
							"links":	[{
									"rel":	"self",
									"href":	"/demuxers/139637976793088/program_processors/5150/es_processors/2118.json"
								}],
							"id":	2118,
							"input_bitrate":	0,
							"output_bitrate":	0,
							"input_buf_level":	0,
							"output_buf_level":	0,
							"forced_stream_type":	"disabled",
							"settings":	{
								"extension_type":	"es_bypass",
								"flag_enable_interl_output":	true,
								"flag_restamp":	false,
								"time_shift_offset_msec":	0,
								"ts_pcr_guard_msec":	300,
								"flag_clear_ts_registers":	false
							},
							"time_stamp_stats":	{
								"input":	{
									"label":	"Input",
									"data":	["null", "null", "null", "null", "null", "null", "null", "null", "null", "null", "null", "null", "null", "null", "null", "null", "null", "null", "null", "null", "null", "null", "null", "null", "null", "null", "null", "null", "null", "null"]
								},
								"output":	{
									"label":	"Output",
									"data":	["null", "null", "null", "null", "null", "null", "null", "null", "null", "null", "null", "null", "null", "null", "null", "null", "null", "null", "null", "null", "null", "null", "null", "null", "null", "null", "null", "null", "null", "null"]
								}
							}
						}, {
							"links":	[{
									"rel":	"self",
									"href":	"/demuxers/139637976793088/program_processors/5150/es_processors/2117.json"
								}],
							"id":	2117,
							"input_bitrate":	0,
							"output_bitrate":	0,
							"input_buf_level":	0,
							"output_buf_level":	0,
							"forced_stream_type":	"disabled",
							"settings":	{
								"extension_type":	"es_bypass",
								"flag_enable_interl_output":	true,
								"flag_restamp":	false,
								"time_shift_offset_msec":	0,
								"ts_pcr_guard_msec":	300,
								"flag_clear_ts_registers":	false
							},
							"time_stamp_stats":	{
								"input":	{
									"label":	"Input",
									"data":	["null", "null", "null", "null", "null", "null", "null", "null", "null", "null", "null", "null", "null", "null", "null", "null", "null", "null", "null", "null", "null", "null", "null", "null", "null", "null", "null", "null", "null", "null"]
								},
								"output":	{
									"label":	"Output",
									"data":	["null", "null", "null", "null", "null", "null", "null", "null", "null", "null", "null", "null", "null", "null", "null", "null", "null", "null", "null", "null", "null", "null", "null", "null", "null", "null", "null", "null", "null", "null"]
								}
							}
						}, {
							"links":	[{
									"rel":	"self",
									"href":	"/demuxers/139637976793088/program_processors/5150/es_processors/2115.json"
								}],
							"id":	2115,
							"input_bitrate":	6016,
							"output_bitrate":	3008,
							"input_buf_level":	0,
							"output_buf_level":	0,
							"forced_stream_type":	"ISO/IEC 13818-1 private data",
							"settings":	{
								"extension_type":	"dvb_subt",
								"flag_enable_interl_output":	true,
								"flag_restamp":	false,
								"time_shift_offset_msec":	0,
								"ts_pcr_guard_msec":	300,
								"flag_clear_ts_registers":	false,
								"subtitling_descriptor":	[[6647399, 16, 2, 2]],
								"services":	[{
										"id":	2,
										"display_width":	0,
										"display_height":	0,
										"scale_percentage":	100,
										"duration_min_seg":	0,
										"duration_max_seg":	15,
										"duration_offset_seg":	0,
										"vertical_off_top":	0,
										"vertical_off_bot":	0,
										"horizontal_off":	0,
										"most_used_pixel_color_rgb24b":	-1
									}]
							},
							"time_stamp_stats":	{
								"input":	{
									"label":	"Input",
									"data":	[[0, 2872], [1, 2572], "null", "null", [4, 2852], "null", [6, 2131], [7, 2884], [8, 2528], "null", "null", "null", "null", "null", "null", "null", [16, 2853], [17, 2866], "null", [19, 1628], [20, 2861], [21, 1899], "null", "null", "null", [25, 2872], [26, 1828], [27, 2892], [28, 2179], [29, 2863]]
								},
								"output":	{
									"label":	"Output",
									"data":	["null", "null", [2, -2092], "null", [4, -9265], "null", "null", [7, -9660], "null", "null", "null", "null", [12, -7163], "null", [14, -9660], "null", [16, -9599], "null", "null", "null", [20, -6696], "null", "null", "null", "null", "null", "null", "null", "null", "null"]
								}
							},
							"services":	[{
									"page_id":	2,
									"display_set_in":	{
										"dds":	null,
										"pcs":	{
											"page_time_out":	30,
											"page_version_number":	0,
											"page_regions":	[]
										},
										"rcss":	[{
												"region_id":	0,
												"region_version_number":	0,
												"region_width":	720,
												"region_height":	40,
												"region_depth":	2,
												"region_level_of_compatibility":	2,
												"region_ojects":	[{
														"object_id":	27656,
														"object_type":	0,
														"object_horizontal_position":	294,
														"object_vertical_position":	0
													}]
											}, {
												"region_id":	1,
												"region_version_number":	0,
												"region_width":	720,
												"region_height":	40,
												"region_depth":	2,
												"region_level_of_compatibility":	2,
												"region_ojects":	[]
											}, {
												"region_id":	2,
												"region_version_number":	1,
												"region_width":	720,
												"region_height":	40,
												"region_depth":	2,
												"region_level_of_compatibility":	2,
												"region_ojects":	[]
											}, {
												"region_id":	3,
												"region_version_number":	1,
												"region_width":	720,
												"region_height":	40,
												"region_depth":	2,
												"region_level_of_compatibility":	2,
												"region_ojects":	[]
											}],
										"most_used_pixel_color_rgb24b":	34816
									}
								}]
						}, {
							"links":	[{
									"rel":	"self",
									"href":	"/demuxers/139637976793088/program_processors/5150/es_processors/2110.json"
								}],
							"id":	2110,
							"input_bitrate":	0,
							"output_bitrate":	0,
							"input_buf_level":	0,
							"output_buf_level":	0,
							"forced_stream_type":	"disabled",
							"settings":	{
								"extension_type":	"pes_bypass",
								"flag_enable_interl_output":	true,
								"flag_restamp":	false,
								"time_shift_offset_msec":	0,
								"ts_pcr_guard_msec":	300,
								"flag_clear_ts_registers":	false
							},
							"time_stamp_stats":	{
								"input":	{
									"label":	"Input",
									"data":	["null", "null", "null", "null", "null", "null", "null", "null", "null", "null", "null", "null", "null", "null", "null", "null", "null", "null", "null", "null", "null", "null", "null", "null", "null", "null", "null", "null", "null", "null"]
								},
								"output":	{
									"label":	"Output",
									"data":	["null", "null", "null", "null", "null", "null", "null", "null", "null", "null", "null", "null", "null", "null", "null", "null", "null", "null", "null", "null", "null", "null", "null", "null", "null", "null", "null", "null", "null", "null"]
								}
							}
						}]
				}]
		}, {
			"id":	139637976793089,
			"settings":	{
				"tag":	"SONY",
				"input_url":	"udp://127.0.0.1:4003",
				"flag_clear_logs":	false,
				"flag_purge_disassociated_processors":	false
			},
			"program_processors":	[{
					"id":	96,
					"settings":	{
						"output_url":	"udp://127.0.0.1:8003",
						"brctrl_type_selector":	[{
								"name":	"None",
								"value":	0
							}, {
								"name":	"CBR",
								"value":	1
							}, {
								"name":	"Constrained VBR (CVBR)- Max. bitrate",
								"value":	2
							}],
						"selected_brctrl_type_value":	0,
						"cbr":	0,
						"flag_clear_input_bitrate_peak":	false,
						"flag_purge_disassociated_processors":	false,
						"pmt_octet_stream":	"AoArAwMHAAAAYQAAAgBhAACBAGIAAIEAYwAABgDAAApZCHNwYRAAAQAF0eBCVg==",
						"max_ts_pcr_guard_msec":	300,
						"min_stc_delay_output_msec":	600
					},
					"es_processors":	[{
							"links":	[{
									"rel":	"self",
									"href":	"/demuxers/139637976793089/program_processors/96/es_processors/99.json"
								}],
							"id":	99,
							"input_bitrate":	0,
							"output_bitrate":	0,
							"input_buf_level":	0,
							"output_buf_level":	0,
							"forced_stream_type":	"disabled",
							"settings":	{
								"extension_type":	"pes_bypass",
								"flag_enable_interl_output":	true,
								"flag_restamp":	false,
								"time_shift_offset_msec":	0,
								"ts_pcr_guard_msec":	100,
								"flag_clear_ts_registers":	false
							},
							"time_stamp_stats":	{
								"input":	{
									"label":	"Input",
									"data":	["null", "null", "null", "null", "null", "null", "null", "null", "null", "null", "null", "null", "null", "null", "null", "null", "null", "null", "null", "null", "null", "null", "null", "null", "null", "null", "null", "null", "null", "null"]
								},
								"output":	{
									"label":	"Output",
									"data":	["null", "null", "null", "null", "null", "null", "null", "null", "null", "null", "null", "null", "null", "null", "null", "null", "null", "null", "null", "null", "null", "null", "null", "null", "null", "null", "null", "null", "null", "null"]
								}
							}
						}, {
							"links":	[{
									"rel":	"self",
									"href":	"/demuxers/139637976793089/program_processors/96/es_processors/98.json"
								}],
							"id":	98,
							"input_bitrate":	0,
							"output_bitrate":	0,
							"input_buf_level":	0,
							"output_buf_level":	0,
							"forced_stream_type":	"disabled",
							"settings":	{
								"extension_type":	"pes_bypass",
								"flag_enable_interl_output":	true,
								"flag_restamp":	false,
								"time_shift_offset_msec":	0,
								"ts_pcr_guard_msec":	100,
								"flag_clear_ts_registers":	false
							},
							"time_stamp_stats":	{
								"input":	{
									"label":	"Input",
									"data":	["null", "null", "null", "null", "null", "null", "null", "null", "null", "null", "null", "null", "null", "null", "null", "null", "null", "null", "null", "null", "null", "null", "null", "null", "null", "null", "null", "null", "null", "null"]
								},
								"output":	{
									"label":	"Output",
									"data":	["null", "null", "null", "null", "null", "null", "null", "null", "null", "null", "null", "null", "null", "null", "null", "null", "null", "null", "null", "null", "null", "null", "null", "null", "null", "null", "null", "null", "null", "null"]
								}
							}
						}, {
							"links":	[{
									"rel":	"self",
									"href":	"/demuxers/139637976793089/program_processors/96/es_processors/192.json"
								}],
							"id":	192,
							"input_bitrate":	0,
							"output_bitrate":	3008,
							"input_buf_level":	0,
							"output_buf_level":	0,
							"forced_stream_type":	"disabled",
							"settings":	{
								"extension_type":	"dvb_subt",
								"flag_enable_interl_output":	true,
								"flag_restamp":	false,
								"time_shift_offset_msec":	0,
								"ts_pcr_guard_msec":	300,
								"flag_clear_ts_registers":	false,
								"subtitling_descriptor":	null,
								"services":	[{
										"id":	1,
										"display_width":	0,
										"display_height":	0,
										"scale_percentage":	135,
										"duration_min_seg":	15,
										"duration_max_seg":	30,
										"duration_offset_seg":	10,
										"vertical_off_top":	200,
										"vertical_off_bot":	-200,
										"horizontal_off":	50,
										"most_used_pixel_color_rgb24b":	8913283
									}]
							},
							"time_stamp_stats":	{
								"input":	{
									"label":	"Input",
									"data":	["null", "null", "null", "null", "null", "null", "null", "null", [8, 181], "null", "null", "null", "null", "null", "null", [15, 330], "null", "null", "null", "null", "null", "null", "null", "null", [24, 337], "null", "null", "null", "null", [29, 381]]
								},
								"output":	{
									"label":	"Output",
									"data":	["null", "null", "null", "null", "null", "null", "null", [7, 299], [8, -4075], "null", "null", "null", "null", "null", "null", [15, -4580], "null", "null", "null", "null", "null", "null", "null", [23, 290], [24, -4810], "null", "null", "null", "null", "null"]
								}
							},
							"services":	[{
									"page_id":	1,
									"display_set_in":	{
										"dds":	{
											"dds_version_number":	5,
											"display_window_flag":	false,
											"display_width":	719,
											"display_height":	479,
											"display_window_horizontal_position_minimum":	0,
											"display_window_horizontal_position_maximum":	0,
											"display_window_vertical_position_minimum":	0,
											"display_window_vertical_position_maximum":	0
										},
										"pcs":	{
											"page_time_out":	7,
											"page_version_number":	9,
											"page_regions":	[{
													"region_id":	0,
													"region_horizontal_address":	0,
													"region_vertical_address":	340
												}]
										},
										"rcss":	[{
												"region_id":	0,
												"region_version_number":	11,
												"region_width":	720,
												"region_height":	95,
												"region_depth":	2,
												"region_level_of_compatibility":	2,
												"region_ojects":	[{
														"object_id":	20501,
														"object_type":	0,
														"object_horizontal_position":	256,
														"object_vertical_position":	0
													}, {
														"object_id":	20502,
														"object_type":	0,
														"object_horizontal_position":	164,
														"object_vertical_position":	44
													}]
											}, {
												"region_id":	1,
												"region_version_number":	0,
												"region_width":	720,
												"region_height":	95,
												"region_depth":	2,
												"region_level_of_compatibility":	2,
												"region_ojects":	[]
											}, {
												"region_id":	2,
												"region_version_number":	0,
												"region_width":	720,
												"region_height":	95,
												"region_depth":	2,
												"region_level_of_compatibility":	2,
												"region_ojects":	[]
											}, {
												"region_id":	3,
												"region_version_number":	0,
												"region_width":	720,
												"region_height":	95,
												"region_depth":	2,
												"region_level_of_compatibility":	2,
												"region_ojects":	[]
											}],
										"most_used_pixel_color_rgb24b":	34816
									}
								}]
						}, {
							"links":	[{
									"rel":	"self",
									"href":	"/demuxers/139637976793089/program_processors/96/es_processors/97.json"
								}],
							"id":	97,
							"input_bitrate":	0,
							"output_bitrate":	0,
							"input_buf_level":	0,
							"output_buf_level":	0,
							"forced_stream_type":	"disabled",
							"settings":	{
								"extension_type":	"pes_bypass",
								"flag_enable_interl_output":	true,
								"flag_restamp":	false,
								"time_shift_offset_msec":	0,
								"ts_pcr_guard_msec":	300,
								"flag_clear_ts_registers":	false
							},
							"time_stamp_stats":	{
								"input":	{
									"label":	"Input",
									"data":	["null", "null", "null", "null", "null", "null", "null", "null", "null", "null", "null", "null", "null", "null", "null", "null", "null", "null", "null", "null", "null", "null", "null", "null", "null", "null", "null", "null", "null", "null"]
								},
								"output":	{
									"label":	"Output",
									"data":	["null", "null", "null", "null", "null", "null", "null", "null", "null", "null", "null", "null", "null", "null", "null", "null", "null", "null", "null", "null", "null", "null", "null", "null", "null", "null", "null", "null", "null", "null"]
								}
							}
						}]
				}]
		}, {
			"id":	139637976793090,
			"settings":	{
				"tag":	"Warner SD",
				"input_url":	"udp://127.0.0.1:4004",
				"flag_clear_logs":	false,
				"flag_purge_disassociated_processors":	false
			},
			"program_processors":	[{
					"id":	7168,
					"settings":	{
						"output_url":	"udp://127.0.0.1:8004",
						"brctrl_type_selector":	[{
								"name":	"None",
								"value":	0
							}, {
								"name":	"CBR",
								"value":	1
							}, {
								"name":	"Constrained VBR (CVBR)- Max. bitrate",
								"value":	2
							}],
						"selected_brctrl_type_value":	0,
						"cbr":	0,
						"flag_clear_input_bitrate_peak":	false,
						"flag_purge_disassociated_processors":	false,
						"pmt_octet_stream":	"AoArAwQPAAAeAAAABgDAAApZCHNwYRAAAgAFgRAgAACBECEAAAIeAAAA4rp2tw==",
						"max_ts_pcr_guard_msec":	300,
						"min_stc_delay_output_msec":	600
					},
					"es_processors":	[{
							"links":	[{
									"rel":	"self",
									"href":	"/demuxers/139637976793090/program_processors/7168/es_processors/4129.json"
								}],
							"id":	4129,
							"input_bitrate":	0,
							"output_bitrate":	0,
							"input_buf_level":	0,
							"output_buf_level":	0,
							"forced_stream_type":	"disabled",
							"settings":	{
								"extension_type":	"pes_bypass",
								"flag_enable_interl_output":	true,
								"flag_restamp":	false,
								"time_shift_offset_msec":	0,
								"ts_pcr_guard_msec":	100,
								"flag_clear_ts_registers":	false
							},
							"time_stamp_stats":	{
								"input":	{
									"label":	"Input",
									"data":	["null", "null", "null", "null", "null", "null", "null", "null", "null", "null", "null", "null", "null", "null", "null", "null", "null", "null", "null", "null", "null", "null", "null", "null", "null", "null", "null", "null", "null", "null"]
								},
								"output":	{
									"label":	"Output",
									"data":	["null", "null", "null", "null", "null", "null", "null", "null", "null", "null", "null", "null", "null", "null", "null", "null", "null", "null", "null", "null", "null", "null", "null", "null", "null", "null", "null", "null", "null", "null"]
								}
							}
						}, {
							"links":	[{
									"rel":	"self",
									"href":	"/demuxers/139637976793090/program_processors/7168/es_processors/4128.json"
								}],
							"id":	4128,
							"input_bitrate":	0,
							"output_bitrate":	0,
							"input_buf_level":	0,
							"output_buf_level":	0,
							"forced_stream_type":	"disabled",
							"settings":	{
								"extension_type":	"pes_bypass",
								"flag_enable_interl_output":	true,
								"flag_restamp":	false,
								"time_shift_offset_msec":	0,
								"ts_pcr_guard_msec":	100,
								"flag_clear_ts_registers":	false
							},
							"time_stamp_stats":	{
								"input":	{
									"label":	"Input",
									"data":	["null", "null", "null", "null", "null", "null", "null", "null", "null", "null", "null", "null", "null", "null", "null", "null", "null", "null", "null", "null", "null", "null", "null", "null", "null", "null", "null", "null", "null", "null"]
								},
								"output":	{
									"label":	"Output",
									"data":	["null", "null", "null", "null", "null", "null", "null", "null", "null", "null", "null", "null", "null", "null", "null", "null", "null", "null", "null", "null", "null", "null", "null", "null", "null", "null", "null", "null", "null", "null"]
								}
							}
						}, {
							"links":	[{
									"rel":	"self",
									"href":	"/demuxers/139637976793090/program_processors/7168/es_processors/7680.json"
								}],
							"id":	7680,
							"input_bitrate":	0,
							"output_bitrate":	0,
							"input_buf_level":	0,
							"output_buf_level":	0,
							"forced_stream_type":	"disabled",
							"settings":	{
								"extension_type":	"pes_bypass",
								"flag_enable_interl_output":	true,
								"flag_restamp":	false,
								"time_shift_offset_msec":	0,
								"ts_pcr_guard_msec":	300,
								"flag_clear_ts_registers":	false
							},
							"time_stamp_stats":	{
								"input":	{
									"label":	"Input",
									"data":	["null", "null", "null", "null", "null", "null", "null", "null", "null", "null", "null", "null", "null", "null", "null", "null", "null", "null", "null", "null", "null", "null", "null", "null", "null", "null", "null", "null", "null", "null"]
								},
								"output":	{
									"label":	"Output",
									"data":	["null", "null", "null", "null", "null", "null", "null", "null", "null", "null", "null", "null", "null", "null", "null", "null", "null", "null", "null", "null", "null", "null", "null", "null", "null", "null", "null", "null", "null", "null"]
								}
							}
						}, {
							"links":	[{
									"rel":	"self",
									"href":	"/demuxers/139637976793090/program_processors/7168/es_processors/192.json"
								}],
							"id":	192,
							"input_bitrate":	0,
							"output_bitrate":	0,
							"input_buf_level":	0,
							"output_buf_level":	0,
							"forced_stream_type":	"disabled",
							"settings":	{
								"extension_type":	"dvb_subt",
								"flag_enable_interl_output":	true,
								"flag_restamp":	false,
								"time_shift_offset_msec":	0,
								"ts_pcr_guard_msec":	300,
								"flag_clear_ts_registers":	false,
								"subtitling_descriptor":	null,
								"services":	[]
							},
							"time_stamp_stats":	{
								"input":	{
									"label":	"Input",
									"data":	["null", "null", "null", "null", "null", "null", "null", "null", "null", "null", "null", "null", "null", "null", "null", "null", "null", "null", "null", "null", "null", "null", "null", "null", "null", "null", "null", "null", "null", "null"]
								},
								"output":	{
									"label":	"Output",
									"data":	["null", "null", "null", "null", "null", "null", "null", "null", "null", "null", "null", "null", "null", "null", "null", "null", "null", "null", "null", "null", "null", "null", "null", "null", "null", "null", "null", "null", "null", "null"]
								}
							},
							"services":	[]
						}]
				}]
		}]
}